Street FC Classic Division Oversized Jersey	Snitch	1499.00	https://cdn.shopify.com/s/files/1/0420/7073/7058/files/4PL028-01_7fd6fd15-f029-4484-b187-7e6af8bc4a10.jpg	https://www.snitch.co.in/products/polo-oversized-stripes-t-shirt-4pl028-01		White
Street FC Athletic Oversized Polo T-Shirt	Snitch	1099.00	https://cdn.shopify.com/s/files/1/0420/7073/7058/files/4MST008-01.jpg	https://www.snitch.co.in/products/unknown-oversized-graphic-t-shirt-4mst3255-01		Black
Street FC Relentless Oversized Polo T-Shirt	Snitch	1499.00	https://cdn.shopify.com/s/files/1/0420/7073/7058/files/4PL042-01_67a1e970-3a32-4f17-ad0c-777620eb4da9.jpg	https://www.snitch.co.in/products/graphic-polo-oversized-t-shirt-4pl042-01		Olive Green
100% Cotton Oversized Shirt	Snitch	1099.00	https://cdn.shopify.com/s/files/1/0420/7073/7058/files/1_3622a4e9-7d56-4725-8eac-d229cc46d45f.jpg	https://www.snitch.co.in/products/oversized-100-cotton-shirt-4shs004-03		Brown
Slant Patch Pocket Oversized T-Shirt	Snitch	1499.00	https://cdn.shopify.com/s/files/1/0420/7073/7058/files/1_59c75f92-0846-4856-b2f9-0b60404c8d52.jpg	https://www.snitch.co.in/products/oversized-100-cotton-t-shirt-4rn062-02		Navy Blue
Gothic Placement Print Oversized T-Shirt	Snitch	1299.00	https://cdn.shopify.com/s/files/1/0420/7073/7058/files/4rn042-01_1.jpg	https://www.snitch.co.in/products/100-cotton-oversized-graphic-t-shirt-4rn042-01		Grey
Street FC Stripes Polo T-Shirt	Snitch	1199.00	https://cdn.shopify.com/s/files/1/0420/7073/7058/files/4PL055-01.jpg	https://www.snitch.co.in/products/polo-oversized-stripes-t-shirt-4pl055-01		White
Street FC Seoul Embroidered Polo T-Shirt	Snitch	1499.00	https://cdn.shopify.com/s/files/1/0420/7073/7058/files/4PL026-01_3e48f7fa-564d-4d5e-a0bf-1c27f32d59ca.jpg	https://www.snitch.co.in/products/graphic-cotton-blend-oversized-polo-t-shirt-4pl026-01		Black
Contrast Tipping Flat Knit Polo T-Shirt	Snitch	1599.00	https://cdn.shopify.com/s/files/1/0420/7073/7058/files/5_a36a7e65-4782-4da9-b953-5eac950b55a7.jpg	https://www.snitch.co.in/products/textured-100-cotton-regular-fit-polo-t-shirt-4pl080-02		Beige
Flat Knit Stripes Polo T-Shirt	Snitch	1499.00	https://cdn.shopify.com/s/files/1/0420/7073/7058/files/1_e412a737-45df-4f5d-9ad4-1a1cb21f3977.jpg	https://www.snitch.co.in/products/polo-regular-fit-100-cotton-stripes-t-shirt-4pl091-01		Navy Blue
Slim Fit Stretch Stripes Luxe Shirt	Snitch	1999.00	https://cdn.shopify.com/s/files/1/0420/7073/7058/files/1_4f730676-6f62-48f9-b40b-90528a7865f5.jpg	https://www.snitch.co.in/products/stretch-luxe-stripes-slim-fit-shirt-4mlx1237-01		White
Sky Blue Stripes Stretch Shirt	Snitch	1099.00	https://cdn.shopify.com/s/files/1/0420/7073/7058/files/1_5588f150-78a1-4469-baf7-ec72ea213abc.jpg	https://www.snitch.co.in/products/stripes-regular-fit-stretch-shirt-mp-4sfs080-02		Sky Blue
100% Cotton Stripes Shirt	Snitch	1299.00	https://cdn.shopify.com/s/files/1/0420/7073/7058/files/1_dbacc8e6-155d-4f95-bce9-67411b71262d.jpg	https://www.snitch.co.in/products/stripes-regular-fit-100-cotton-shirt-4sfs049-01		Beige
100% Linen Olive Luxe Shirt	Snitch	2624.00	https://cdn.shopify.com/s/files/1/0420/7073/7058/files/1_2b644dd0-f28c-4f82-859d-5a6dca77dcb6.jpg	https://www.snitch.co.in/products/snitch-luxe-linen-regular-fit-100-linen-shirt-4lsfs018-01		Olive
Slim Fit Stretch Stripes Luxe Shirt	Snitch	1999.00	https://cdn.shopify.com/s/files/1/0420/7073/7058/files/1_8709c426-78b4-4b19-8218-2864bfab9b1d.jpg	https://www.snitch.co.in/products/stretch-luxe-stripes-slim-fit-shirt-4mlx1237-02		Black
Knee Ripped Baggy Jeans	Snitch	1999.00	https://cdn.shopify.com/s/files/1/0420/7073/7058/files/1_917892dc-bf60-4682-865f-6310d41843c0.jpg	https://www.snitch.co.in/products/knee-rips-baggy-jeans-4je017-06		Blue
Baggy Washed Jeans	Snitch	1999.00	https://cdn.shopify.com/s/files/1/0420/7073/7058/files/1_f0cb4495-c4f2-4494-8c4d-4c5c582ae383.jpg	https://www.snitch.co.in/products/baggy-washed-jeans-4msd4209-08		Black
Slim Fit Stretch Jeans	Snitch	1999.00	https://cdn.shopify.com/s/files/1/0420/7073/7058/files/1_213b52fc-2c76-467d-94ed-c165d0ca2c35.jpg	https://www.snitch.co.in/products/stretch-denim-slim-fit-jeans-4je035-01		Grey
Tapered Fit Pleated Gurkha Trousers	Snitch	1799.00	https://cdn.shopify.com/s/files/1/0420/7073/7058/files/1_51800c02-d049-4304-b4b9-016072e6eaab.jpg	https://www.snitch.co.in/products/stretch-tapered-fit-textured-trousers-4tr004-03		Beige
Tapered Fit Pleated Gurkha Trousers	Snitch	1799.00	https://cdn.shopify.com/s/files/1/0420/7073/7058/files/1_a44972b0-3e45-406b-95ee-722c36beb69c.jpg	https://www.snitch.co.in/products/stretch-tapered-fit-textured-trousers-4tr004-04		Black
Technical Stretch Slim Fit Trousers	Snitch	1899.00	https://cdn.shopify.com/s/files/1/0420/7073/7058/files/1_a400664a-a173-4576-847c-bd8e54c91d59.jpg	https://www.snitch.co.in/products/stretch-slim-fit-textured-trousers-4msr5542-03		Olive
Tapered Fit Pleated Gurkha Trousers	Snitch	1799.00	https://cdn.shopify.com/s/files/1/0420/7073/7058/files/1_7bf3ff1e-60dd-4490-8b17-7225e591e167.jpg	https://www.snitch.co.in/products/stretch-tapered-fit-textured-trousers-4tr004-01		Navy
Boys Pique Polo Shirt	US Polo Assn	604.00	https://cdn.shopify.com/s/files/1/0617/2137/8986/files/1_95ce3973-bd09-41ad-a664-f363adf20f48.jpg	https://uspoloassn.in/products/boys-boys-pique-polo-shirt-lucudo1mewj		White
Solid Motel On The Coast Slim Fit Polo Shirt	US Polo Assn	1759.00	https://cdn.shopify.com/s/files/1/0617/2137/8986/files/1_56ad8974-cd40-411c-a108-970a13fe96a6.jpg	https://uspoloassn.in/products/menswear-solid-motel-on-the-coast-slim-fit-polo-shirt-02kv1lfxslz		Black
Brand Printed Muscle Fit Polo Shirt	US Polo Assn	849.00	https://cdn.shopify.com/s/files/1/0617/2137/8986/files/1_7e2e133c-8a46-4a9e-894d-4651cb15c4b3.jpg	https://uspoloassn.in/products/menswear-brand-printed-muscle-fit-polo-shirt-wm0wb51oaum		Beige
Solid Slim Fit Polo Shirt	US Polo Assn	749.00	https://cdn.shopify.com/s/files/1/0617/2137/8986/files/1_38686797-3234-4b60-87a5-ef2b1d2d013f.jpg	https://uspoloassn.in/products/menswear-solid-slim-fit-polo-shirt-cq0knrlc2dk		Navy Blue
Regular Fit Solid Polo Shirt	US Polo Assn	935.00	https://cdn.shopify.com/s/files/1/0617/2137/8986/files/1_2c0d945a-2ffd-42bc-b241-89bf90ad3913.jpg	https://uspoloassn.in/products/womenswear-regular-fit-solid-polo-shirt-kq13yb923mn		Olive Green
Birdseye Dobby Textured Solid Shirt	US Polo Assn	1471.00	https://cdn.shopify.com/s/files/1/0617/2137/8986/files/6_241ab76f-de8c-463b-9e9a-b7d8f884d52b.jpg	https://uspoloassn.in/products/birdseye-dobby-textured-solid-shirt-tdmmwmisu2z		White
Vertical Striped Tailored Fit Shirt	US Polo Assn	1499.00	https://cdn.shopify.com/s/files/1/0617/2137/8986/files/1_25cc04ab-3e04-422a-9365-5cd4583298d1.jpg	https://uspoloassn.in/products/menswear-vertical-striped-tailored-fit-shirt-8p0defho9df		Beige
Solid Varsity Theatre T-Shirt	US Polo Assn	1754.00	https://cdn.shopify.com/s/files/1/0617/2137/8986/files/1_43c4a7da-325e-4a08-a7ee-79608be08fdf.jpg	https://uspoloassn.in/products/menswear-solid-varsity-theatre-t-shirt-2ougf2chq90		Olive
Twill Regular Fit Shirt	US Polo Assn	1449.00	https://cdn.shopify.com/s/files/1/0617/2137/8986/files/1_6f07d765-0619-4ec8-94b4-4c74f2bd281c.jpg	https://uspoloassn.in/products/menswear-twill-regular-fit-shirt-nxjlvgen6fp		Black
Henry Tapered Fit Blue Jeans	US Polo Assn	1249.00	https://cdn.shopify.com/s/files/1/0617/2137/8986/files/1_10d8c4f0-16d5-407a-88ba-21ac4b5ce505.jpg	https://uspoloassn.in/products/menswear-henry-tapered-fit-blue-jeans-21ojgyff63t		Blue
Brandon Slim Tapered Fit Blue Jeans	US Polo Assn	1899.00	https://cdn.shopify.com/s/files/1/0617/2137/8986/files/1_90a22ace-80cb-45db-94df-e9a305fa1114.jpg	https://uspoloassn.in/products/menswear-brandon-slim-tapered-fit-blue-jeans-nym8vqm0cgn		Black
Henry Tapered Cropped Fit Grey Jeans	US Polo Assn	1999.00	https://cdn.shopify.com/s/files/1/0617/2137/8986/files/1_23329edb-44a4-4afe-af5d-2e79b6947f2e.jpg	https://uspoloassn.in/products/menswear-henry-tapered-cropped-fit-grey-jeans-qs46bgr9koq		Grey
Embroidered Straight Fit Trousers	US Polo Assn	2309.00	https://cdn.shopify.com/s/files/1/0617/2137/8986/files/1_6d4dd13d-1991-4d67-95ff-0e76f0bcfbe3.jpg	https://uspoloassn.in/products/womenswear-embroidered-straight-fit-trousers-ob3u1qgmus1		Beige
Denver Slim Fit Dobby Trousers	US Polo Assn	1399.00	https://cdn.shopify.com/s/files/1/0617/2137/8986/files/1_ed49820a-480f-40d0-87b8-bb1056542bfa.jpg	https://uspoloassn.in/products/menswear-denver-slim-fit-dobby-trousers-e0wp8rmfcud		Black
Men Rano Suede Colourblocked Sneakers	US Polo Assn	3249.00	https://cdn.shopify.com/s/files/1/0617/2137/8986/files/1_ed47f281-9d1f-4015-b722-d7761d958803.jpg	https://uspoloassn.in/products/menswear-men-rano-suede-colourblocked-sneakers-j39mvph70jg		White
Women Marlene 2.0 Lace Up Sneakers	US Polo Assn	4599.00	https://cdn.shopify.com/s/files/1/0617/2137/8986/files/1_7453cff3-eac9-4bbd-8676-00561309d1e6.jpg	https://uspoloassn.in/products/womenswear-women-marlene-2-0-lace-up-sneakers-jultgb1naph		White
Solid Nyra Sneakers	US Polo Assn	3439.00	https://cdn.shopify.com/s/files/1/0617/2137/8986/products/1_25d56b1f-2236-46f1-a018-00aa616f42fb.jpg	https://uspoloassn.in/products/solid-nyra-sneakers-0989g1hns7s		White
Men Stace Lace-Ups Sneakers	US Polo Assn	4999.00	https://cdn.shopify.com/s/files/1/0617/2137/8986/files/2FD25911W01_1.jpg	https://uspoloassn.in/products/menswear-men-stace-lace-ups-sneakers-nim3h96al5n		White
Women Colourblocked Zaira Sneakers	US Polo Assn	3009.00	https://cdn.shopify.com/s/files/1/0617/2137/8986/files/1_0a630673-7cbf-4b9f-ae0d-7846381f3ead.jpg	https://uspoloassn.in/products/womenswear-women-colourblocked-zaira-sneakers-dkjpcu71i6r		Black
Men Camon Low Top Sneakers	US Polo Assn	2599.00	https://cdn.shopify.com/s/files/1/0617/2137/8986/files/1_54ca1e6b-2ebd-46f5-a553-c8f14dddf1fa.jpg	https://uspoloassn.in/products/menswear-men-camon-low-top-sneakers-was1yp1tvve		Black
Men Wilber Round Toe Sneakers	US Polo Assn	4799.00	https://cdn.shopify.com/s/files/1/0617/2137/8986/files/2FD25958G03_1.jpg	https://uspoloassn.in/products/menswear-men-wilber-round-toe-sneakers-tple8wl4mkt		Grey
Women Noren Low-Top Contrast Logo Sneakers	US Polo Assn	4799.00	https://cdn.shopify.com/s/files/1/0617/2137/8986/files/1_c92de5ce-0324-4ef4-a567-9ffceddcb77e.jpg	https://uspoloassn.in/products/womenswear-women-noren-low-top-contrast-logo-sneakers-8zgj9bef0rg		Blue
